<?xml version="1.0" encoding="UTF-8"?><Measure xmlns="http://hl7.org/fhir"><id value="IMMZIND40"/><meta><profile value="http://hl7.org/fhir/us/cqfmeasures/StructureDefinition/cv-measure-cqfm"/></meta><url value="http://smart.who.int/ig/smart-immunizations-measles/Measure/IMMZIND40"/><version value="0.1.0"/><name value="IMMZIND40"/><status value="draft"/><experimental value="false"/><date value="2023-10-05"/><publisher value="Tanzania"/><contact><name value="Tanzania"/><telecom><system value="url"/><value value="http://who.tanzania"/></telecom></contact><description value="IMMZ.IND.40 Measles indicator for second dose."/><library value="http://smart.who.int/ig/smart-immunizations-measles/Library/IMMZINDMeasles"/><scoring><coding><system value="http://terminology.hl7.org/CodeSystem/measure-scoring"/><code value="continuous-variable"/><display value="Continuous Variable"/></coding></scoring><group><population id="IMMZ.IND.40.IP"><extension url="http://hl7.org/fhir/us/cqfmeasures/StructureDefinition/cqfm-populationBasis"><valueCode value="boolean"/></extension><code><coding><system value="http://terminology.hl7.org/CodeSystem/measure-population"/><code value="initial-population"/><display value="Initial Population"/></coding></code><description value="Initial Population"/><criteria><language value="text/cql"/><expression value="Initial Population 40"/></criteria></population><population id="IMMZ.IND.40.MP"><extension url="http://hl7.org/fhir/us/cqfmeasures/StructureDefinition/cqfm-populationBasis"><valueCode value="boolean"/></extension><code><coding><system value="http://terminology.hl7.org/CodeSystem/measure-population"/><code value="measure-population"/><display value="Measure Population"/></coding></code><description value="Measure Population"/><criteria><language value="text/cql"/><expression value="Measure Population 40"/></criteria></population><population id="IMMZ.IND.40.MO"><extension url="http://hl7.org/fhir/us/cqfmeasures/StructureDefinition/cqfm-criteriaReference"><valueString value="measure-population"/></extension><extension url="http://hl7.org/fhir/us/cqfmeasures/StructureDefinition/cqfm-aggregateMethod"><valueCode value="count"/></extension><code><coding><system value="http://terminology.hl7.org/CodeSystem/measure-population"/><code value="measure-observation"/></coding></code><description value="Measure Observation"/><criteria><language value="text/cql"/><expression value="Measure Observation 40"/></criteria></population><stratifier id="IMMZ.IND.40.S"><criteria><language value="text/cql"/><expression value="Stratification"/></criteria></stratifier></group></Measure>