<?xml version="1.0" encoding="UTF-8"?><ValueSet xmlns="http://hl7.org/fhir"><id value="PositiveTestResult-values"/><text><status value="generated"/><div xmlns="http://www.w3.org/1999/xhtml"><ul><li>Include these codes as defined in <a href="http://www.snomed.org/"><code>http://snomed.info/sct</code></a><table class="none"><tr><td style="white-space:nowrap"><b>Code</b></td><td><b>Display</b></td></tr><tr><td><a href="http://snomed.info/id/10828004">10828004</a></td><td>Positive (qualifier value)</td></tr></table></li></ul></div></text><url value="http://moh.tanzania/ig/smart-immunizations-measles/ValueSet/PositiveTestResult-values"/><version value="0.1.0"/><name value="PositiveTestResultvalues"/><title value="Positive Test Result valuest"/><status value="draft"/><experimental value="false"/><date value="2023-10-25T14:19:55+00:00"/><publisher value="Tanzania"/><contact><name value="Tanzania"/><telecom><system value="url"/><value value="http://who.tanzania"/></telecom></contact><description value="Codes representing Positive Test Result values"/><immutable value="true"/><compose><include><system value="http://snomed.info/sct"/><concept><code value="10828004"/><display value="Positive (qualifier value)"/></concept></include></compose></ValueSet>