<?xml version="1.0" encoding="UTF-8"?><ValueSet xmlns="http://hl7.org/fhir"><id value="IMMZ.D1.DE5VS"/><text><status value="extensions"/><div xmlns="http://www.w3.org/1999/xhtml"><ul><li>Include these codes as defined in <a href="CodeSystem-IMMZ.D1.DE5.html"><code>http://moh.tanzania/ig/smart-immunizations-measles/CodeSystem/IMMZ.D1.DE5</code></a><table class="none"><tr><td style="white-space:nowrap"><b>Code</b></td><td><b>Display</b></td><td><b>Definition</b></td></tr><tr><td><a href="CodeSystem-IMMZ.D1.DE5.html#IMMZ.D1.DE5-IMMZ.46D.46DE6">IMMZ.D.DE6</a></td><td style="color: #cccccc">Immunity Testing has shown that the client already has immunity to the agent targeted by the immunization</td><td/></tr><tr><td><a href="CodeSystem-IMMZ.D1.DE5.html#IMMZ.D1.DE5-IMMZ.46D.46DE7">IMMZ.D.DE7</a></td><td style="color: #cccccc">Medical precaution</td><td>The client currently has a medical condition for which the vaccine is contraindicated or for which precaution is warranted</td></tr><tr><td><a href="CodeSystem-IMMZ.D1.DE5.html#IMMZ.D1.DE5-IMMZ.46D.46DE8">IMMZ.D.DE8</a></td><td style="color: #cccccc">Product out of stock</td><td>There was no supply of the product on hand to perform the service</td></tr><tr><td><a href="CodeSystem-IMMZ.D1.DE5.html#IMMZ.D1.DE5-IMMZ.46D.46DE9">IMMZ.D.DE9</a></td><td style="color: #cccccc">Client objection</td><td>The client or their guardian objects to receiving the vaccine</td></tr><tr><td><a href="CodeSystem-IMMZ.D1.DE5.html#IMMZ.D1.DE5-IMMZ.46D.46DE10">IMMZ.D.DE10</a></td><td style="color: #cccccc">Caregiver refusal</td><td>The client's caregiver refused the vaccine</td></tr><tr><td><a href="CodeSystem-IMMZ.D1.DE5.html#IMMZ.D1.DE5-IMMZ.46D.46DE11">IMMZ.D.DE11</a></td><td style="color: #cccccc">Unspecified reason</td><td>The immunization event was not carried out for an unspecified reason</td></tr><tr><td><a href="CodeSystem-IMMZ.D1.DE5.html#IMMZ.D1.DE5-IMMZ.46D.46DE12">IMMZ.D.DE12</a></td><td style="color: #cccccc">Client allergy to vaccine or component</td><td>The immunization event was not carried out because of client allergy to vaccine or component</td></tr><tr><td><a href="CodeSystem-IMMZ.D1.DE5.html#IMMZ.D1.DE5-IMMZ.46D.46DE13">IMMZ.D.DE13</a></td><td style="color: #cccccc">Immunocompromised</td><td>The immunization event was not carried out because the client is immunocompromised</td></tr><tr><td><a href="CodeSystem-IMMZ.D1.DE5.html#IMMZ.D1.DE5-IMMZ.46D.46DE14">IMMZ.D.DE14</a></td><td style="color: #cccccc">Chronic illness or condition</td><td>The immunization event was not carried out due a chronic illness or condition of the client</td></tr><tr><td><a href="CodeSystem-IMMZ.D1.DE5.html#IMMZ.D1.DE5-IMMZ.46D.46DE15">IMMZ.D.DE15</a></td><td style="color: #cccccc">Acute illness</td><td>The immunization event was not carried out due to an acute illness present in the client</td></tr><tr><td><a href="CodeSystem-IMMZ.D1.DE5.html#IMMZ.D1.DE5-IMMZ.46D.46DE16">IMMZ.D.DE16</a></td><td style="color: #cccccc">Had the disease</td><td>The immunization event was not carried out due to the client having had the disease</td></tr><tr><td><a href="CodeSystem-IMMZ.D1.DE5.html#IMMZ.D1.DE5-IMMZ.46D.46DE17">IMMZ.D.DE17</a></td><td style="color: #cccccc">Immunization not carried out for other reasons</td><td>The immunization event was not carried out for other reasons</td></tr></table></li></ul></div></text><url value="http://moh.tanzania/ig/smart-immunizations-measles/ValueSet/IMMZ.D1.DE5VS"/><version value="0.1.0"/><name value="IMMZ.D1.DE5VS"/><title value="IMMZ.D1.DE5 CodeSystem for Reason Not Done"/><status value="draft"/><experimental value="false"/><date value="2023-10-25T14:19:55+00:00"/><publisher value="Tanzania"/><contact><name value="Tanzania"/><telecom><system value="url"/><value value="http://who.tanzania"/></telecom></contact><description value="CodeSystem for IMMZ.D1.DE5 Reason Not Done"/><compose><include><system value="http://moh.tanzania/ig/smart-immunizations-measles/CodeSystem/IMMZ.D1.DE5"/><concept><code value="IMMZ.D.DE6"/></concept><concept><code value="IMMZ.D.DE7"/></concept><concept><code value="IMMZ.D.DE8"/></concept><concept><code value="IMMZ.D.DE9"/></concept><concept><code value="IMMZ.D.DE10"/></concept><concept><code value="IMMZ.D.DE11"/></concept><concept><code value="IMMZ.D.DE12"/></concept><concept><code value="IMMZ.D.DE13"/></concept><concept><code value="IMMZ.D.DE14"/></concept><concept><code value="IMMZ.D.DE15"/></concept><concept><code value="IMMZ.D.DE16"/></concept><concept><code value="IMMZ.D.DE17"/></concept></include></compose></ValueSet>