"Id","Path","Slice Name","Alias(s)","Label","Min","Max","Must Support?","Is Modifier?","Is Summary?","Type(s)","Short","Definition","Comments","Requirements","Default Value","Meaning When Missing","Fixed Value","Pattern","Example","Minimum Value","Maximum Value","Maximum Length","Binding Strength","Binding Description","Binding Value Set","Code","Slicing Discriminator","Slicing Description","Slicing Ordered","Slicing Rules","Base Path","Base Min","Base Max","Condition(s)","Constraint(s)","Mapping: RIM Mapping"
"IMMZD1ClientHistoryMeasles","IMMZD1ClientHistoryMeasles","","","",0,*,"","","","null {[]} {[]}
","IMMZ.D1 Capture Client History for Measles","Data elements for the IMMZ.D1 Capture Client History Data Dictionary for Measles.","","","","","","","","","",,,,,"",,,,"Base",0,*,"",""
"IMMZD1ClientHistoryMeasles.patient","IMMZD1ClientHistoryMeasles.patient","","","",1,1,"","","","Reference {[]} {[]}
","Patient","The patient who is being checked for contraindications.","","","","","","","","","",,,,,"",,,,"IMMZD1ClientHistoryMeasles.patient",1,1,"",""
"IMMZD1ClientHistoryMeasles.dose0","IMMZD1ClientHistoryMeasles.dose0","","","",0,1,"","","","boolean {[]} {[]}
","Dose 0 administered","Indicates if the client has received a birth dose and/or supplementary dose","","","","","","","","","",,,,,"http://moh.tanzania/ig/smart-immunizations-measles/CodeSystem/IMMZ.D1#DE80
",,,,"IMMZD1ClientHistoryMeasles.dose0",0,1,"",""
"IMMZD1ClientHistoryMeasles.completedPrimarySeries","IMMZD1ClientHistoryMeasles.completedPrimarySeries","","","",0,1,"","","","boolean {[]} {[]}
","Completed the primary vaccination series","Indicates if the client has completed the primary vaccination series of a product/antigen. If the client has not yet completed their primary series, it means they may be expected to receive more doses to complete their vaccination regimen for the respective product/antigen.","","","","","","","","","",,,,,"http://moh.tanzania/ig/smart-immunizations-measles/CodeSystem/IMMZ.D1#DE8
",,,,"IMMZD1ClientHistoryMeasles.completedPrimarySeries",0,1,"",""
"IMMZD1ClientHistoryMeasles.dateSeriesCompleted","IMMZD1ClientHistoryMeasles.dateSeriesCompleted","","","",1,1,"","","","date {[]} {[]}
","Date when primary vaccination series was completed","The date when the client completed the primary vaccination series (per product/antigen)","","","","","","","","","",,,,,"http://moh.tanzania/ig/smart-immunizations-measles/CodeSystem/IMMZ.D1#DE81
",,,,"IMMZD1ClientHistoryMeasles.dateSeriesCompleted",1,1,"",""
"IMMZD1ClientHistoryMeasles.hivStatus","IMMZD1ClientHistoryMeasles.hivStatus","","","",0,1,"","","","Coding {[]} {[]}
","HIV status","The current human immunodeficiency virus (HIV) status of the client","","","","","","","","","",,"required","","http://moh.tanzania/ig/smart-immunizations-measles/ValueSet/IMMZ.D1.DE10","http://moh.tanzania/ig/smart-immunizations-measles/CodeSystem/IMMZ.D1#DE10
",,,,"IMMZD1ClientHistoryMeasles.hivStatus",0,1,"",""
"IMMZD1ClientHistoryMeasles.pretermBirth","IMMZD1ClientHistoryMeasles.pretermBirth","","","",0,1,"","","","boolean {[]} {[]}
","Preterm birth","The infant was preterm, the mother gave birth to the infant when gestational age was less than 37 weeks","","","","","","","","","",,,,,"http://moh.tanzania/ig/smart-immunizations-measles/CodeSystem/IMMZ.D1#DE15
",,,,"IMMZD1ClientHistoryMeasles.pretermBirth",0,1,"",""
"IMMZD1ClientHistoryMeasles.severelyImmunosuppressed","IMMZD1ClientHistoryMeasles.severelyImmunosuppressed","","","",1,1,"","","","boolean {[]} {[]}
","Severely immunosuppressed","The client is known to be severely immunocompromised or immunosuppressed","","","","","","","","","",,,,,"http://moh.tanzania/ig/smart-immunizations-measles/CodeSystem/IMMZ.D1#DE92
",,,,"IMMZD1ClientHistoryMeasles.severelyImmunosuppressed",1,1,"",""
"IMMZD1ClientHistoryMeasles.artStartDate","IMMZD1ClientHistoryMeasles.artStartDate","","","",1,1,"","","","date {[]} {[]}
","ART start date","The date on which the client started or restarted antiretroviral therapy (ART)","","","","","","","","","",,,,,"http://moh.tanzania/ig/smart-immunizations-measles/CodeSystem/IMMZ.D1#DE49
",,,,"IMMZD1ClientHistoryMeasles.artStartDate",1,1,"",""
"IMMZD1ClientHistoryMeasles.vaccineHistory","IMMZD1ClientHistoryMeasles.vaccineHistory","","","",0,*,"","","","BackboneElement {[]} {[]}
","Vaccine History","History of previous vaccine doses.","","","","","","","","","",,,,,"",,,,"IMMZD1ClientHistoryMeasles.vaccineHistory",0,*,"","ele-1:All FHIR elements must have a @value or children {hasValue() or (children().count() > id.count())}
"
"IMMZD1ClientHistoryMeasles.vaccineHistory.id","IMMZD1ClientHistoryMeasles.vaccineHistory.id","","","",0,1,"","","","string {[]} {[]}
","Unique id for inter-element referencing","Unique id for the element within a resource (for internal references). This may be any string value that does not contain spaces.","","","","","","","","","",,,,,"",,,,"Element.id",0,1,"","","n/a"
"IMMZD1ClientHistoryMeasles.vaccineHistory.extension","IMMZD1ClientHistoryMeasles.vaccineHistory.extension","","extensions
user content","",0,*,"","","","Extension {[]} {[]}
","Additional content defined by implementations","May be used to represent additional information that is not part of the basic definition of the element. To make the use of extensions safe and manageable, there is a strict set of governance  applied to the definition and use of extensions. Though any implementer can define an extension, there is a set of requirements that SHALL be met as part of the definition of the extension.","There can be no stigma associated with the use of extensions by any application, project, or standard - regardless of the institution or jurisdiction that uses or defines the extensions.  The use of extensions is what allows the FHIR specification to retain a core level of simplicity for everyone.","","","","","","","","",,,,,"","value:url}
","Extensions are always sliced by (at least) url",,"open","Element.extension",0,*,"","ele-1:All FHIR elements must have a @value or children {hasValue() or (children().count() > id.count())}
ext-1:Must have either extensions or value[x], not both {extension.exists() != value.exists()}","n/a"
"IMMZD1ClientHistoryMeasles.vaccineHistory.modifierExtension","IMMZD1ClientHistoryMeasles.vaccineHistory.modifierExtension","","extensions
user contentmodifiers","",0,*,"","Y","Y","Extension {[]} {[]}
","Extensions that cannot be ignored even if unrecognized","May be used to represent additional information that is not part of the basic definition of the element and that modifies the understanding of the element in which it is contained and/or the understanding of the containing element's descendants. Usually modifier elements provide negation or qualification. To make the use of extensions safe and manageable, there is a strict set of governance applied to the definition and use of extensions. Though any implementer can define an extension, there is a set of requirements that SHALL be met as part of the definition of the extension. Applications processing a resource are required to check for modifier extensions.

Modifier extensions SHALL NOT change the meaning of any elements on Resource or DomainResource (including cannot change the meaning of modifierExtension itself).","There can be no stigma associated with the use of extensions by any application, project, or standard - regardless of the institution or jurisdiction that uses or defines the extensions.  The use of extensions is what allows the FHIR specification to retain a core level of simplicity for everyone.","Modifier extensions allow for extensions that *cannot* be safely ignored to be clearly distinguished from the vast majority of extensions which can be safely ignored.  This promotes interoperability by eliminating the need for implementers to prohibit the presence of extensions. For further information, see the [definition of modifier extensions](http://hl7.org/fhir/R4/extensibility.html#modifierExtension).","","","","","","","",,,,,"",,,,"BackboneElement.modifierExtension",0,*,"","ele-1:All FHIR elements must have a @value or children {hasValue() or (children().count() > id.count())}
ext-1:Must have either extensions or value[x], not both {extension.exists() != value.exists()}","N/A"
"IMMZD1ClientHistoryMeasles.vaccineHistory.vaccineType","IMMZD1ClientHistoryMeasles.vaccineHistory.vaccineType","","","",0,1,"","","","Coding {[]} {[]}
","Vaccine type","Vaccine type/category that was administered or was to be administered. Any vaccine code available in the IMMZ.Z Vaccine Library list of codes applies in this data element","","","","","","","","","",,"required","","http://moh.tanzania/ig/smart-immunizations-measles/ValueSet/IMMZ.Z.DE9","http://moh.tanzania/ig/smart-immunizations-measles/CodeSystem/IMMZ.D1#DE19
",,,,"IMMZD1ClientHistoryMeasles.vaccineHistory.vaccineType",0,1,"",""
"IMMZD1ClientHistoryMeasles.vaccineHistory.vaccineDate","IMMZD1ClientHistoryMeasles.vaccineHistory.vaccineDate","","","",0,1,"","","","date {[]} {[]}
","Date and time of vaccination","Represents the visit/encounter date, which is the date and time when the vaccine was administered to the client","","","","","","","","","",,,,,"http://moh.tanzania/ig/smart-immunizations-measles/CodeSystem/IMMZ.D1#DE20
",,,,"IMMZD1ClientHistoryMeasles.vaccineHistory.vaccineDate",0,1,"",""
