{"resourceType":"ActivityDefinition","id":"IMMZD2DTMeaslesMR","meta":{"profile":["http://hl7.org/fhir/uv/cpg/StructureDefinition/cpg-immunizationactivity"]},"extension":[{"url":"http://hl7.org/fhir/uv/cpg/StructureDefinition/cpg-knowledgeCapability","valueCode":"computable"}],"url":"http://moh.tanzania/ig/smart-immunizations-measles/ActivityDefinition/IMMZD2DTMeaslesMR","version":"0.1.0","name":"IMMZD2DTMeaslesMedicationRequest","title":"IMMZ.D2.DT.Measles.MR","status":"draft","experimental":false,"date":"2023-10-03","publisher":"Tanzania","contact":[{"name":"Tanzania","telecom":[{"system":"url","value":"http://who.tanzania"}]}],"description":"Provide measles immunization","library":["http://smart.who.int/ig/smart-immunizations-measles/Library/IMMZD2DTMeasles"],"kind":"MedicationRequest","profile":"http://hl7.org/fhir/uv/cpg/StructureDefinition/cpg-immunizationrequest","intent":"proposal","doNotPerform":false,"productCodeableConcept":{"coding":[{"system":"http://id.who.int/icd11/mms","code":"XM28X5","display":"Measles vaccines"}]},"dynamicValue":[{"path":"status","expression":{"language":"text/cql","expression":"'draft'"}},{"path":"intent","expression":{"language":"text/cql","expression":"'proposal'"}},{"path":"dispenseRequest.validityPeriod.start","expression":{"description":"Due date of the dose","language":"text/cql-identifier","expression":"Schedule Due Date for MCV dose"}},{"path":"dispenseRequest.validityPeriod.end","expression":{"description":"Expiration date for MCV dose","language":"text/cql-identifier","expression":"Expiration Date for MCV dose"}}]}