{"resourceType":"ValueSet","id":"VSMeaslesVaccineProducts","text":{"status":"generated","div":"<div xmlns=\"http://www.w3.org/1999/xhtml\"><ul><li>Include all codes defined in <a href=\"CodeSystem-VaccineProducts.html\"><code>http://moh.tanzania/ig/smart-immunizations-measles/CodeSystem/VaccineProducts</code></a></li></ul></div>"},"url":"http://moh.tanzania/ig/smart-immunizations-measles/ValueSet/VSMeaslesVaccineProducts","version":"0.1.0","name":"VSMeaslesVaccineProducts","title":"MeaslesVaccine Products ValueSet","status":"draft","date":"2023-10-25T14:19:55+00:00","publisher":"Tanzania","contact":[{"name":"Tanzania","telecom":[{"system":"url","value":"http://who.tanzania"}]}],"description":"Vaccine Product Codes - representing the codes of the products currently available.","compose":{"include":[{"system":"http://moh.tanzania/ig/smart-immunizations-measles/CodeSystem/VaccineProducts"}]}}