{
  "resourceType" : "PlanDefinition",
  "id" : "IMMZD2DTMeaslesCI",
  "meta" : {
    "profile" : ["http://hl7.org/fhir/uv/cpg/StructureDefinition/cpg-recommendationdefinition"]
  },
  "text" : {
    "status" : "extensions",
    "div" : "<div xmlns=\"http://www.w3.org/1999/xhtml\"><p><b>Generated Narrative: PlanDefinition</b><a name=\"IMMZD2DTMeaslesCI\"> </a></p><div style=\"display: inline-block; background-color: #d9e0e7; padding: 6px; margin: 4px; border: 1px solid #8da1b4; border-radius: 5px; line-height: 60%\"><p style=\"margin-bottom: 0px\">Resource PlanDefinition &quot;IMMZD2DTMeaslesCI&quot; </p><p style=\"margin-bottom: 0px\">Profile: <a href=\"https://build.fhir.org/ig/HL7/cqf-recommendations//StructureDefinition-cpg-recommendationdefinition.html\">CPG Recommendation Definition</a></p></div><p><b>CPG Knowledge Capability Extension</b>: computable</p><p><b>url</b>: <code>http://moh.tanzania/ig/smart-immunizations-measles/PlanDefinition/IMMZD2DTMeaslesCI</code></p><p><b>version</b>: 0.1.0</p><p><b>name</b>: IMMZD2DTMeaslesContraindication</p><p><b>title</b>: IMMZ.D2.DT.Measles.Contraindication</p><p><b>type</b>: ECA Rule <span style=\"background: LightGoldenRodYellow; margin: 4px; border: 1px solid khaki\"> (<a href=\"http://terminology.hl7.org/5.2.0/CodeSystem-plan-definition-type.html\">PlanDefinitionType</a>#eca-rule)</span></p><p><b>status</b>: draft</p><p><b>experimental</b>: false</p><p><b>date</b>: 2023-10-25 14:19:55+0000</p><p><b>publisher</b>: Tanzania</p><p><b>contact</b>: Tanzania: <a href=\"http://who.tanzania\">http://who.tanzania</a></p><p><b>description</b>: Check contraindications for Measles vaccine</p><p><b>library</b>: <a href=\"Library-IMMZD2DTMeasles.html\">IMMZD2DTMeasles</a></p><blockquote><p><b>action</b></p><p><b>title</b>: Check Contraindication for Measles Immunization</p><p><b>description</b>: Contraindication for measles immunization</p><blockquote><p><b>condition</b></p><p><b>kind</b>: applicability</p><h3>Expressions</h3><table class=\"grid\"><tr><td style=\"display: none\">-</td><td><b>Description</b></td><td><b>Language</b></td><td><b>Expression</b></td></tr><tr><td style=\"display: none\">*</td><td>MCV Dose Contraindicated</td><td>text/cql-identifier</td><td>MCV Dose Contraindicated</td></tr></table></blockquote><p><b>type</b>: update <span style=\"background: LightGoldenRodYellow; margin: 4px; border: 1px solid khaki\"> ([not stated]#update)</span></p><p><b>definition</b>: <a href=\"ActivityDefinition-IMMZD2DTMeaslesCIMR.html\">IMMZ.D2.DT.Measles.Contraindication</a></p></blockquote><blockquote><p><b>action</b></p><p><b>title</b>: Evaluate Contraindication for Measles</p><p><b>description</b>: Provide further evaluation for measles contraindication</p><blockquote><p><b>condition</b></p><p><b>kind</b>: applicability</p><h3>Expressions</h3><table class=\"grid\"><tr><td style=\"display: none\">-</td><td><b>Description</b></td><td><b>Language</b></td><td><b>Expression</b></td></tr><tr><td style=\"display: none\">*</td><td>Contraindication Evaluation of the MCV dose</td><td>text/cql-identifier</td><td>Contraindication Evaluation of the MCV dose</td></tr></table></blockquote><p><b>definition</b>: <a href=\"ActivityDefinition-IMMZD2DTMeaslesEval.html\">IMMZ.D2.DT.Measles.Eval</a></p></blockquote></div>"
  },
  "extension" : [{
    "url" : "http://hl7.org/fhir/uv/cpg/StructureDefinition/cpg-knowledgeCapability",
    "valueCode" : "computable"
  }],
  "url" : "http://moh.tanzania/ig/smart-immunizations-measles/PlanDefinition/IMMZD2DTMeaslesCI",
  "version" : "0.1.0",
  "name" : "IMMZD2DTMeaslesContraindication",
  "title" : "IMMZ.D2.DT.Measles.Contraindication",
  "type" : {
    "coding" : [{
      "system" : "http://terminology.hl7.org/CodeSystem/plan-definition-type",
      "code" : "eca-rule"
    }]
  },
  "status" : "draft",
  "experimental" : false,
  "date" : "2023-10-25T14:19:55+00:00",
  "publisher" : "Tanzania",
  "contact" : [{
    "name" : "Tanzania",
    "telecom" : [{
      "system" : "url",
      "value" : "http://who.tanzania"
    }]
  }],
  "description" : "Check contraindications for Measles vaccine",
  "library" : ["http://smart.who.int/ig/smart-immunizations-measles/Library/IMMZD2DTMeasles"],
  "action" : [{
    "title" : "Check Contraindication for Measles Immunization",
    "description" : "Contraindication for measles immunization",
    "condition" : [{
      "kind" : "applicability",
      "expression" : {
        "description" : "MCV Dose Contraindicated",
        "language" : "text/cql-identifier",
        "expression" : "MCV Dose Contraindicated"
      }
    }],
    "type" : {
      "coding" : [{
        "code" : "update"
      }]
    },
    "definitionCanonical" : "http://moh.tanzania/ig/smart-immunizations-measles/ActivityDefinition/IMMZD2DTMeaslesCIMR"
  },
  {
    "title" : "Evaluate Contraindication for Measles",
    "description" : "Provide further evaluation for measles contraindication",
    "condition" : [{
      "kind" : "applicability",
      "expression" : {
        "description" : "Contraindication Evaluation of the MCV dose",
        "language" : "text/cql-identifier",
        "expression" : "Contraindication Evaluation of the MCV dose"
      }
    }],
    "definitionCanonical" : "http://moh.tanzania/ig/smart-immunizations-measles/ActivityDefinition/IMMZD2DTMeaslesEval"
  }]
}