<?xml version="1.0" encoding="UTF-8"?>

<ConceptMap xmlns="http://hl7.org/fhir">
  <id value="IMMZCConceptMap"/>
  <text>
    <status value="extensions"/><div xmlns="http://www.w3.org/1999/xhtml"><p>Mapping from (not specified) to (not specified)</p><p>ACTIVE. Published on 2023-08-04 by Tanzania (Tanzania: <a href="http://who.tanzania">http://who.tanzania</a>). </p><div><p>Mapping to and from IMMZ.C Data Dictionary to other codesystems.</p>
</div><br/><p><b>Group 1</b>Mapping from <a href="CodeSystem-IMMZ.C.html">IMMZ.C CodeSystem for Data Elements</a> to <a href="CodeSystem-ICD11.html">ICD-11</a></p><table class="grid"><tr><td><b>Source Code</b></td><td><b>Relationship</b></td><td><b>Target Code</b></td></tr><tr><td>DE6 (Male)</td><td><a href="http://hl7.org/fhir/R4/codesystem-concept-map-equivalence.html#null"/></td><td>XX2UQ8 (Male)</td></tr><tr><td>DE7 (Female)</td><td><a href="http://hl7.org/fhir/R4/codesystem-concept-map-equivalence.html#null"/></td><td>XX2V25 (Female)</td></tr><tr><td>DE8 (Biological sex not specified)</td><td><a href="http://hl7.org/fhir/R4/codesystem-concept-map-equivalence.html#null"/></td><td>XX2PX3 (Biological sex not specified)</td></tr><tr><td>DE9 (Intersex)</td><td><a href="http://hl7.org/fhir/R4/codesystem-concept-map-equivalence.html#null"/></td><td>XX45B7 (Intersex)</td></tr></table><hr/><p><b>Group 2</b>Mapping from <a href="CodeSystem-ICD11.html">ICD-11</a> to <a href="CodeSystem-IMMZ.C.html">IMMZ.C CodeSystem for Data Elements</a></p><table class="grid"><tr><td><b>Source Code</b></td><td><b>Relationship</b></td><td><b>Target Code</b></td></tr><tr><td>XX2UQ8 (Male)</td><td><a href="http://hl7.org/fhir/R4/codesystem-concept-map-equivalence.html#null"/></td><td>DE6 (Male)</td></tr><tr><td>XX2V25 (Female)</td><td><a href="http://hl7.org/fhir/R4/codesystem-concept-map-equivalence.html#null"/></td><td>DE7 (Female)</td></tr><tr><td>XX2PX3 (Biological sex not specified)</td><td><a href="http://hl7.org/fhir/R4/codesystem-concept-map-equivalence.html#null"/></td><td>DE8 (Biological sex not specified)</td></tr><tr><td>XX45B7 (Intersex)</td><td><a href="http://hl7.org/fhir/R4/codesystem-concept-map-equivalence.html#null"/></td><td>DE9 (Intersex)</td></tr></table><hr/><p><b>Group 3</b>Mapping from <a href="CodeSystem-IMMZ.C.html">IMMZ.C CodeSystem for Data Elements</a> to <a href="http://terminology.hl7.org/5.2.0/CodeSystem-v3-loinc.html">Logical Observation Identifiers, Names and Codes (LOINC)</a></p><table class="grid"><tr><td><b>Source Code</b></td><td><b>Relationship</b></td><td><b>Target Code</b></td><td><b>Comment</b></td></tr><tr><td>DE2 (Name)</td><td><a href="http://hl7.org/fhir/R4/codesystem-concept-map-equivalence.html#null"/></td><td>54125-0</td><td/></tr><tr><td>DE3 (First name)</td><td><a href="http://hl7.org/fhir/R4/codesystem-concept-map-equivalence.html#null"/></td><td>45392-8</td><td/></tr><tr><td>DE4 (Family name)</td><td><a href="http://hl7.org/fhir/R4/codesystem-concept-map-equivalence.html#null"/></td><td>45394-4</td><td/></tr><tr><td>DE5 (Sex)</td><td><a href="http://hl7.org/fhir/R4/codesystem-concept-map-equivalence.html#null"/></td><td>46098-0</td><td/></tr><tr><td>DE10 (Date of birth)</td><td><a href="http://hl7.org/fhir/R4/codesystem-concept-map-equivalence.html#null"/></td><td>21112-8</td><td/></tr><tr><td>DE13 (Age)</td><td><a href="http://hl7.org/fhir/R4/codesystem-concept-map-equivalence.html#null"/></td><td>63900-5</td><td/></tr><tr><td>DE18 (Contact phone number)</td><td><a href="http://hl7.org/fhir/R4/codesystem-concept-map-equivalence.html#null"/></td><td>42077-8</td><td/></tr><tr><td>DE19 (Administrative area)</td><td><a href="http://hl7.org/fhir/R4/codesystem-concept-map-equivalence.html#null"/></td><td>56799-0</td><td>The source concept is more specific than the target</td></tr></table><hr/><p><b>Group 4</b>Mapping from <a href="CodeSystem-IMMZ.C.html">IMMZ.C CodeSystem for Data Elements</a> to <a href="http://hl7.org/fhir/R4/codesystem-snomedct.html">SNOMED CT (all versions)</a></p><table class="grid"><tr><td><b>Source Code</b></td><td><b>Relationship</b></td><td><b>Target Code</b></td><td><b>Comment</b></td></tr><tr><td>DE2 (Name)</td><td><a href="http://hl7.org/fhir/R4/codesystem-concept-map-equivalence.html#null"/></td><td>371484003</td><td/></tr><tr><td>DE3 (First name)</td><td><a href="http://hl7.org/fhir/R4/codesystem-concept-map-equivalence.html#null"/></td><td>184095009</td><td/></tr><tr><td>DE4 (Family name)</td><td><a href="http://hl7.org/fhir/R4/codesystem-concept-map-equivalence.html#null"/></td><td>184096005</td><td/></tr><tr><td>DE5 (Sex)</td><td><a href="http://hl7.org/fhir/R4/codesystem-concept-map-equivalence.html#null"/></td><td>184100006</td><td/></tr><tr><td>DE6 (Male)</td><td><a href="http://hl7.org/fhir/R4/codesystem-concept-map-equivalence.html#null"/></td><td>248153007</td><td/></tr><tr><td>DE7 (Female)</td><td><a href="http://hl7.org/fhir/R4/codesystem-concept-map-equivalence.html#null"/></td><td>248152002</td><td/></tr><tr><td>DE8 (Biological sex not specified)</td><td><a href="http://hl7.org/fhir/R4/codesystem-concept-map-equivalence.html#null"/></td><td>772004004</td><td/></tr><tr><td>DE9 (Intersex)</td><td><a href="http://hl7.org/fhir/R4/codesystem-concept-map-equivalence.html#null"/></td><td>15867007</td><td/></tr><tr><td>DE10 (Date of birth)</td><td><a href="http://hl7.org/fhir/R4/codesystem-concept-map-equivalence.html#null"/></td><td>184099003</td><td/></tr><tr><td>DE14 (Caregivers (multiple))</td><td><a href="http://hl7.org/fhir/R4/codesystem-concept-map-equivalence.html#null"/></td><td>184140000</td><td/></tr><tr><td>DE15 (Caregiver's full name)</td><td><a href="http://hl7.org/fhir/R4/codesystem-concept-map-equivalence.html#null"/></td><td>184140000</td><td/></tr><tr><td>DE18 (Contact phone number)</td><td><a href="http://hl7.org/fhir/R4/codesystem-concept-map-equivalence.html#null"/></td><td>184103008</td><td/></tr><tr><td>DE19 (Administrative area)</td><td><a href="http://hl7.org/fhir/R4/codesystem-concept-map-equivalence.html#null"/></td><td>184097001</td><td>The source concept is more specific than the target</td></tr></table><hr/><p><b>Group 5</b>Mapping from <a href="http://hl7.org/fhir/R4/codesystem-snomedct.html">SNOMED CT (all versions)</a> to <a href="CodeSystem-IMMZ.C.html">IMMZ.C CodeSystem for Data Elements</a></p><table class="grid"><tr><td><b>Source Code</b></td><td><b>Relationship</b></td><td><b>Target Code</b></td></tr><tr><td>248153007</td><td><a href="http://hl7.org/fhir/R4/codesystem-concept-map-equivalence.html#null"/></td><td>DE6 (Male)</td></tr><tr><td>248152002</td><td><a href="http://hl7.org/fhir/R4/codesystem-concept-map-equivalence.html#null"/></td><td>DE7 (Female)</td></tr><tr><td>772004004</td><td><a href="http://hl7.org/fhir/R4/codesystem-concept-map-equivalence.html#null"/></td><td>DE8 (Biological sex not specified)</td></tr><tr><td>15867007</td><td><a href="http://hl7.org/fhir/R4/codesystem-concept-map-equivalence.html#null"/></td><td>DE9 (Intersex)</td></tr></table></div>
  </text>
  <url value="http://moh.tanzania/ig/smart-immunizations-measles/ConceptMap/IMMZCConceptMap"/>
  <version value="0.1.0"/>
  <name value="IMMZ_C_ConceptMap"/>
  <title value="ConceptMap to and from IMMZ.C DataElements"/>
  <status value="active"/>
  <experimental value="false"/>
  <date value="2023-08-04"/>
  <publisher value="Tanzania"/>
  <contact>
    <name value="Tanzania"/>
    <telecom>
      <system value="url"/>
      <value value="http://who.tanzania"/>
    </telecom>
  </contact>
  <description value="Mapping to and from IMMZ.C Data Dictionary to other codesystems."/>
  <group>
    <source value="http://moh.tanzania/ig/smart-immunizations-measles/CodeSystem/IMMZ.C"/>
    <target value="http://id.who.int/icd11/mms"/>
    <element>
      <code value="DE6"/>
      <target>
        <modifierExtension url="http://hl7.org/fhir/1.0/StructureDefinition/extension-ConceptMap.element.target.equivalence">
          <valueCode value="equivalent"/>
        </modifierExtension>
        <code value="XX2UQ8"/>
        <equivalence value="equivalent"/>
      </target>
    </element>
    <element>
      <code value="DE7"/>
      <target>
        <modifierExtension url="http://hl7.org/fhir/1.0/StructureDefinition/extension-ConceptMap.element.target.equivalence">
          <valueCode value="equivalent"/>
        </modifierExtension>
        <code value="XX2V25"/>
        <equivalence value="equivalent"/>
      </target>
    </element>
    <element>
      <code value="DE8"/>
      <target>
        <modifierExtension url="http://hl7.org/fhir/1.0/StructureDefinition/extension-ConceptMap.element.target.equivalence">
          <valueCode value="equivalent"/>
        </modifierExtension>
        <code value="XX2PX3"/>
        <equivalence value="equivalent"/>
      </target>
    </element>
    <element>
      <code value="DE9"/>
      <target>
        <modifierExtension url="http://hl7.org/fhir/1.0/StructureDefinition/extension-ConceptMap.element.target.equivalence">
          <valueCode value="equivalent"/>
        </modifierExtension>
        <code value="XX45B7"/>
        <equivalence value="equivalent"/>
      </target>
    </element>
  </group>
  <group>
    <source value="http://id.who.int/icd11/mms"/>
    <target value="http://moh.tanzania/ig/smart-immunizations-measles/CodeSystem/IMMZ.C"/>
    <element>
      <code value="XX2UQ8"/>
      <target>
        <modifierExtension url="http://hl7.org/fhir/1.0/StructureDefinition/extension-ConceptMap.element.target.equivalence">
          <valueCode value="equivalent"/>
        </modifierExtension>
        <code value="DE6"/>
        <equivalence value="equivalent"/>
      </target>
    </element>
    <element>
      <code value="XX2V25"/>
      <target>
        <modifierExtension url="http://hl7.org/fhir/1.0/StructureDefinition/extension-ConceptMap.element.target.equivalence">
          <valueCode value="equivalent"/>
        </modifierExtension>
        <code value="DE7"/>
        <equivalence value="equivalent"/>
      </target>
    </element>
    <element>
      <code value="XX2PX3"/>
      <target>
        <modifierExtension url="http://hl7.org/fhir/1.0/StructureDefinition/extension-ConceptMap.element.target.equivalence">
          <valueCode value="equivalent"/>
        </modifierExtension>
        <code value="DE8"/>
        <equivalence value="equivalent"/>
      </target>
    </element>
    <element>
      <code value="XX45B7"/>
      <target>
        <modifierExtension url="http://hl7.org/fhir/1.0/StructureDefinition/extension-ConceptMap.element.target.equivalence">
          <valueCode value="equivalent"/>
        </modifierExtension>
        <code value="DE9"/>
        <equivalence value="equivalent"/>
      </target>
    </element>
  </group>
  <group>
    <source value="http://moh.tanzania/ig/smart-immunizations-measles/CodeSystem/IMMZ.C"/>
    <target value="http://loinc.org"/>
    <element>
      <code value="DE2"/>
      <target>
        <modifierExtension url="http://hl7.org/fhir/1.0/StructureDefinition/extension-ConceptMap.element.target.equivalence">
          <valueCode value="equivalent"/>
        </modifierExtension>
        <code value="54125-0"/>
        <equivalence value="equivalent"/>
      </target>
    </element>
    <element>
      <code value="DE3"/>
      <target>
        <modifierExtension url="http://hl7.org/fhir/1.0/StructureDefinition/extension-ConceptMap.element.target.equivalence">
          <valueCode value="relatedto"/>
        </modifierExtension>
        <code value="45392-8"/>
        <equivalence value="relatedto"/>
      </target>
    </element>
    <element>
      <code value="DE4"/>
      <target>
        <modifierExtension url="http://hl7.org/fhir/1.0/StructureDefinition/extension-ConceptMap.element.target.equivalence">
          <valueCode value="relatedto"/>
        </modifierExtension>
        <code value="45394-4"/>
        <equivalence value="relatedto"/>
      </target>
    </element>
    <element>
      <code value="DE5"/>
      <target>
        <modifierExtension url="http://hl7.org/fhir/1.0/StructureDefinition/extension-ConceptMap.element.target.equivalence">
          <valueCode value="equivalent"/>
        </modifierExtension>
        <code value="46098-0"/>
        <equivalence value="equivalent"/>
      </target>
    </element>
    <element>
      <code value="DE10"/>
      <target>
        <modifierExtension url="http://hl7.org/fhir/1.0/StructureDefinition/extension-ConceptMap.element.target.equivalence">
          <valueCode value="equivalent"/>
        </modifierExtension>
        <code value="21112-8"/>
        <equivalence value="equivalent"/>
      </target>
    </element>
    <element>
      <code value="DE13"/>
      <target>
        <modifierExtension url="http://hl7.org/fhir/1.0/StructureDefinition/extension-ConceptMap.element.target.equivalence">
          <valueCode value="wider"/>
        </modifierExtension>
        <code value="63900-5"/>
        <equivalence value="wider"/>
      </target>
    </element>
    <element>
      <code value="DE18"/>
      <target>
        <modifierExtension url="http://hl7.org/fhir/1.0/StructureDefinition/extension-ConceptMap.element.target.equivalence">
          <valueCode value="equivalent"/>
        </modifierExtension>
        <code value="42077-8"/>
        <equivalence value="equivalent"/>
      </target>
    </element>
    <element>
      <code value="DE19"/>
      <target>
        <modifierExtension url="http://hl7.org/fhir/1.0/StructureDefinition/extension-ConceptMap.element.target.equivalence">
          <valueCode value="narrower"/>
        </modifierExtension>
        <code value="56799-0"/>
        <equivalence value="narrower"/>
        <comment value="The source concept is more specific than the target"/>
      </target>
    </element>
  </group>
  <group>
    <source value="http://moh.tanzania/ig/smart-immunizations-measles/CodeSystem/IMMZ.C"/>
    <target value="http://snomed.info/sct"/>
    <element>
      <code value="DE2"/>
      <target>
        <modifierExtension url="http://hl7.org/fhir/1.0/StructureDefinition/extension-ConceptMap.element.target.equivalence">
          <valueCode value="equivalent"/>
        </modifierExtension>
        <code value="371484003"/>
        <equivalence value="equivalent"/>
      </target>
    </element>
    <element>
      <code value="DE3"/>
      <target>
        <modifierExtension url="http://hl7.org/fhir/1.0/StructureDefinition/extension-ConceptMap.element.target.equivalence">
          <valueCode value="relatedto"/>
        </modifierExtension>
        <code value="184095009"/>
        <equivalence value="relatedto"/>
      </target>
    </element>
    <element>
      <code value="DE4"/>
      <target>
        <modifierExtension url="http://hl7.org/fhir/1.0/StructureDefinition/extension-ConceptMap.element.target.equivalence">
          <valueCode value="relatedto"/>
        </modifierExtension>
        <code value="184096005"/>
        <equivalence value="relatedto"/>
      </target>
    </element>
    <element>
      <code value="DE5"/>
      <target>
        <modifierExtension url="http://hl7.org/fhir/1.0/StructureDefinition/extension-ConceptMap.element.target.equivalence">
          <valueCode value="equivalent"/>
        </modifierExtension>
        <code value="184100006"/>
        <equivalence value="equivalent"/>
      </target>
    </element>
    <element>
      <code value="DE6"/>
      <target>
        <modifierExtension url="http://hl7.org/fhir/1.0/StructureDefinition/extension-ConceptMap.element.target.equivalence">
          <valueCode value="equivalent"/>
        </modifierExtension>
        <code value="248153007"/>
        <equivalence value="equivalent"/>
      </target>
    </element>
    <element>
      <code value="DE7"/>
      <target>
        <modifierExtension url="http://hl7.org/fhir/1.0/StructureDefinition/extension-ConceptMap.element.target.equivalence">
          <valueCode value="equivalent"/>
        </modifierExtension>
        <code value="248152002"/>
        <equivalence value="equivalent"/>
      </target>
    </element>
    <element>
      <code value="DE8"/>
      <target>
        <modifierExtension url="http://hl7.org/fhir/1.0/StructureDefinition/extension-ConceptMap.element.target.equivalence">
          <valueCode value="relatedto"/>
        </modifierExtension>
        <code value="772004004"/>
        <equivalence value="relatedto"/>
      </target>
    </element>
    <element>
      <code value="DE9"/>
      <target>
        <modifierExtension url="http://hl7.org/fhir/1.0/StructureDefinition/extension-ConceptMap.element.target.equivalence">
          <valueCode value="equivalent"/>
        </modifierExtension>
        <code value="15867007"/>
        <equivalence value="equivalent"/>
      </target>
    </element>
    <element>
      <code value="DE10"/>
      <target>
        <modifierExtension url="http://hl7.org/fhir/1.0/StructureDefinition/extension-ConceptMap.element.target.equivalence">
          <valueCode value="equivalent"/>
        </modifierExtension>
        <code value="184099003"/>
        <equivalence value="equivalent"/>
      </target>
    </element>
    <element>
      <code value="DE14"/>
      <target>
        <modifierExtension url="http://hl7.org/fhir/1.0/StructureDefinition/extension-ConceptMap.element.target.equivalence">
          <valueCode value="wider"/>
        </modifierExtension>
        <code value="184140000"/>
        <equivalence value="wider"/>
      </target>
    </element>
    <element>
      <code value="DE15"/>
      <target>
        <modifierExtension url="http://hl7.org/fhir/1.0/StructureDefinition/extension-ConceptMap.element.target.equivalence">
          <valueCode value="wider"/>
        </modifierExtension>
        <code value="184140000"/>
        <equivalence value="wider"/>
      </target>
    </element>
    <element>
      <code value="DE18"/>
      <target>
        <modifierExtension url="http://hl7.org/fhir/1.0/StructureDefinition/extension-ConceptMap.element.target.equivalence">
          <valueCode value="equivalent"/>
        </modifierExtension>
        <code value="184103008"/>
        <equivalence value="equivalent"/>
      </target>
    </element>
    <element>
      <code value="DE19"/>
      <target>
        <modifierExtension url="http://hl7.org/fhir/1.0/StructureDefinition/extension-ConceptMap.element.target.equivalence">
          <valueCode value="narrower"/>
        </modifierExtension>
        <code value="184097001"/>
        <equivalence value="narrower"/>
        <comment value="The source concept is more specific than the target"/>
      </target>
    </element>
  </group>
  <group>
    <source value="http://snomed.info/sct"/>
    <target value="http://moh.tanzania/ig/smart-immunizations-measles/CodeSystem/IMMZ.C"/>
    <element>
      <code value="248153007"/>
      <target>
        <modifierExtension url="http://hl7.org/fhir/1.0/StructureDefinition/extension-ConceptMap.element.target.equivalence">
          <valueCode value="equivalent"/>
        </modifierExtension>
        <code value="DE6"/>
        <equivalence value="equivalent"/>
      </target>
    </element>
    <element>
      <code value="248152002"/>
      <target>
        <modifierExtension url="http://hl7.org/fhir/1.0/StructureDefinition/extension-ConceptMap.element.target.equivalence">
          <valueCode value="equivalent"/>
        </modifierExtension>
        <code value="DE7"/>
        <equivalence value="equivalent"/>
      </target>
    </element>
    <element>
      <code value="772004004"/>
      <target>
        <modifierExtension url="http://hl7.org/fhir/1.0/StructureDefinition/extension-ConceptMap.element.target.equivalence">
          <valueCode value="relatedto"/>
        </modifierExtension>
        <code value="DE8"/>
        <equivalence value="relatedto"/>
      </target>
    </element>
    <element>
      <code value="15867007"/>
      <target>
        <modifierExtension url="http://hl7.org/fhir/1.0/StructureDefinition/extension-ConceptMap.element.target.equivalence">
          <valueCode value="equivalent"/>
        </modifierExtension>
        <code value="DE9"/>
        <equivalence value="equivalent"/>
      </target>
    </element>
  </group>
</ConceptMap>